"WorkBC Centre - Quesnel","cariboo"
"WorkBC Centre - Williams Lake","cariboo"
"WorkBC Centre - 100 Mile House","cariboo"
"WorkBC Centre - Bella Coola","cariboo"
"WorkBC Centre - Vanderhoof","cariboo"
"WorkBC Centre - Fort St. James","cariboo"
"WorkBC Centre - Burns Lake","cariboo"
"WorkBC Centre - Valemount","cariboo"
"WorkBC Centre - Prince George","cariboo"
"WorkBC Centre - Mackenzie","cariboo"
"WorkBC Centre - Trail","kootenay"
"WorkBC Centre - Castlegar","kootenay"
"WorkBC Centre - Grand Forks","kootenay"
"WorkBC Centre - Creston","kootenay"
"WorkBC Centre - Nelson","kootenay"
"WorkBC Centre - Nakusp","kootenay"
"WorkBC Centre - Fernie","kootenay"
"WorkBC Centre - Cranbrook","kootenay"
"WorkBC Centre - Invermere","kootenay"
"WorkBC Centre - Sechelt","mainland_southwest"
"WorkBC Centre - Squamish","mainland_southwest"
"WorkBC Centre - North Vancouver","mainland_southwest"
"WorkBC Centre - Vancouver - 134 E Hastings","mainland_southwest"
"WorkBC Centre - Vancouver - Burrard","mainland_southwest"
"WorkBC Centre - Vancouver - City Centre","mainland_southwest"
"WorkBC Centre - Vancouver - W Pender","mainland_southwest"
"WorkBC Centre - Vancouver - East 3rd Ave","mainland_southwest"
"WorkBC Centre - Vancouver - Midtown West","mainland_southwest"
"WorkBC Centre - Vancouver - Commercial","mainland_southwest"
"WorkBC Centre - Vancouver - South","mainland_southwest"
"WorkBC Centre - Vancouver - West Broadway", "mainland_southwest"
"WorkBC Centre - Richmond - Granville Ave","mainland_southwest"
"WorkBC Centre - Richmond - No 5","mainland_southwest"
"WorkBC Centre - Maple Ridge","mainland_southwest"
"WorkBC Centre - Port Moody","mainland_southwest"
"WorkBC Centre - Coquitlam","mainland_southwest"
"WorkBC Centre - Port Coquitlam","mainland_southwest"
"WorkBC Centre - Delta - 88th","mainland_southwest"
"WorkBC Centre - Delta","mainland_southwest"
"WorkBC Centre - Surrey - Guildford","mainland_southwest"
"WorkBC Centre - Surrey - Whalley","mainland_southwest"
"WorkBC Centre - Surrey - 56","mainland_southwest"
"WorkBC Centre - Surrey - Newton","mainland_southwest"
"WorkBC Centre - Surrey - 152 St","mainland_southwest"
"WorkBC Centre - Langley","mainland_southwest"
"WorkBC Centre - Aldergrove","mainland_southwest"
"WorkBC Centre - Burnaby - Metrotown","mainland_southwest"
"WorkBC Centre - Burnaby - Brentwood","mainland_southwest"
"WorkBC Centre - Burnaby - Edmonds","mainland_southwest"
"WorkBC Centre - New Westminster","mainland_southwest"
"WorkBC Centre - Mission","mainland_southwest"
"WorkBC Centre - Abbotsford","mainland_southwest"
"WorkBC Centre - Chilliwack","mainland_southwest"
"WorkBC Centre - Hope","mainland_southwest"
"WorkBC Centre - Agassiz","mainland_southwest"
"WorkBC Centre - Prince Rupert","north_coast_nechako"
"WorkBC Centre - Prince Rupert - 1st","north_coast_nechako"
"WorkBC Centre - Masset","north_coast_nechako"
"WorkBC Centre - Daajing Giids","north_coast_nechako"
"WorkBC Centre - Terrace","north_coast_nechako"
"WorkBC Centre - Kitimat","north_coast_nechako"
"WorkBC Centre - Smithers","north_coast_nechako"
"WorkBC Centre - Hazelton","north_coast_nechako"
"WorkBC Centre - Fort St. John","northeast"
"WorkBC Centre - Fort Nelson","northeast"
"WorkBC Centre - Dawson Creek","northeast"
"WorkBC Centre - Chetwynd","northeast"
"WorkBC Centre - Merritt","thompson_okanagan"
"WorkBC Centre - Lillooet","thompson_okanagan"
"WorkBC Centre - Ashcroft","thompson_okanagan"
"WorkBC Centre - Kamloops - Lansdowne","thompson_okanagan"
"WorkBC Centre - Clearwater","thompson_okanagan"
"WorkBC Centre - Barriere","thompson_okanagan"
"WorkBC Centre - Chase","thompson_okanagan"
"WorkBC Centre - Kamloops - Tranquille","thompson_okanagan"
"WorkBC Centre - Penticton","thompson_okanagan"
"WorkBC Centre - Oliver","thompson_okanagan"
"WorkBC Centre - Princeton","thompson_okanagan"
"WorkBC Centre - Summerland","thompson_okanagan"
"WorkBC Centre - Kelowna","thompson_okanagan"
"WorkBC Centre - West Kelowna","thompson_okanagan"
"WorkBC Centre - Rutland","thompson_okanagan"
"WorkBC Centre - Salmon Arm","thompson_okanagan"
"WorkBC Centre - Sicamous","thompson_okanagan"
"WorkBC Centre - Golden","thompson_okanagan"
"WorkBC Centre - Revelstoke","thompson_okanagan"
"WorkBC Centre - Vernon","thompson_okanagan"
"WorkBC Centre - Enderby","thompson_okanagan"
"WorkBC Centre - Campbell River","vancouver_island_coast"
"WorkBC Centre - Port Hardy","vancouver_island_coast"
"WorkBC Centre - Courtenay","vancouver_island_coast"
"WorkBC Centre - Powell River","vancouver_island_coast"
"WorkBC Centre - Port Alberni","vancouver_island_coast"
"WorkBC Centre - Ucluelet","vancouver_island_coast"
"WorkBC Centre - Tofino","vancouver_island_coast"
"WorkBC Centre - Parksville","vancouver_island_coast"
"WorkBC Centre - Nanaimo","vancouver_island_coast"
"WorkBC Centre - Duncan","vancouver_island_coast"
"WorkBC Centre - Ladysmith","vancouver_island_coast"
"WorkBC Centre - Langford","vancouver_island_coast"
"WorkBC Centre - Sooke","vancouver_island_coast"
"WorkBC Centre - Victoria - Douglas","vancouver_island_coast"
"WorkBC Centre - Victoria - Borden","vancouver_island_coast"
"WorkBC Centre - Sidney","vancouver_island_coast"
"WorkBC Centre - Salt Spring Island","vancouver_island_coast"
"WorkBC Apprentice Services - Coquitlam","mainland_southwest"
